material,finished_mass_g,mapped_profile,mapping_status,database,release,dataset_name,dataset_uuid,version,geography,reference_year,reference_flow,reference_amount,reference_unit,source_url,retrieval_date,file_sha256,time_metadata,selection_rationale_and_limit
Stainless steel,186,steel,direct,USLCI JSON-LD,1.2025-06.0,"Steel, stainless 304, flat rolled coil",49f5324b-fc33-36e9-b5af-3c80d73492bd,00.01.011,Northern America,unknown,"Steel, stainless 304, flat rolled coil",1.0,kg,https://raw.githubusercontent.com/FLCAC-admin/uslci-content/83f722d2c97ca784e3d258ab51ec4f6804625c1f/downloads/uslci_fy25_q2_01_olca2_4_1_elci_lib_json_ld.zip,2026-10-08,c21f00e32026e380342e7d617afd5d02d702640cf49e810b01959e2891c012bd,validFrom 2007-12-31,USLCI stainless 304 flat rolled coil; actual grade unknown
Brass,20.25,brass,composite proxy,Tiangong archived ILCD + USLCI,Tiangong 0.2.0 + USLCI 1.2025-06.0,"70% primary refined copper direct emissions + 30% Zinc, Special High Grade",84f07e17-6318-47ba-a4d0-866068257bbd + 230e8d51-1f4d-3459-be47-429b0b828add,00.01.005 + 00.00.010,CN + Global,"mixed, unknown",composite per kg brass proxy,1,kg,https://raw.githubusercontent.com/tiangong-lca/data/c50cab7961e0b0ca11c26a600bd4c90fea6c6c32/tiangong_lca_data/processes/84f07e17-6318-47ba-a4d0-866068257bbd.xml ; https://raw.githubusercontent.com/FLCAC-admin/uslci-content/83f722d2c97ca784e3d258ab51ec4f6804625c1f/downloads/uslci_fy25_q2_01_olca2_4_1_elci_lib_json_ld.zip,2026-10-08,0e83293135508e4c15f6701104c2de655296158227417703f79522be0d368797 ; 687cc6126a23ee61d93fd3a52d4d77c2cfb54bd93fa026764b132c8193a02480,copper 2010; zinc 2004-12-31,70% Tiangong primary copper direct emissions + 30% USLCI zinc; alloy process excluded
Copper,15,copper,direct-only,Tiangong archived ILCD,0.2.0 archive at commit c50cab7,Primary copper; Pyrometallurgy; sulfide copper concentrates,84f07e17-6318-47ba-a4d0-866068257bbd,00.01.005,CN,2010,Refined copper,1,kg,https://raw.githubusercontent.com/tiangong-lca/data/c50cab7961e0b0ca11c26a600bd4c90fea6c6c32/tiangong_lca_data/processes/84f07e17-6318-47ba-a4d0-866068257bbd.xml,2026-10-08,0e83293135508e4c15f6701104c2de655296158227417703f79522be0d368797,2010 reference year,Tiangong primary copper direct climate emissions; upstream providers excluded
Polypropylene (PP),350.25,PP,direct,USLCI JSON-LD,1.2025-06.0,"Polypropylene, PP, virgin resin, at plant",2e8facf6-46aa-4ddb-95de-a4e2a00eb2bb,00.01.004,Northern America,unknown,"Polypropylene, PP, virgin resin, at plant",1.0,kg,https://raw.githubusercontent.com/FLCAC-admin/uslci-content/83f722d2c97ca784e3d258ab51ec4f6804625c1f/downloads/uslci_fy25_q2_01_olca2_4_1_elci_lib_json_ld.zip,2026-10-08,e9f8c7a7faa8010733685802a2fa14052f9cec91b99bfc1c2567c7e0ee071b06,validFrom 2014-12-31,USLCI virgin PP resin
Polyvinyl chloride (PVC),43.5,PVC,direct,USLCI JSON-LD,1.2025-06.0,"Polyvinyl chloride resin, suspension grade PVC; at plant",3dbccdda-2014-4239-ad1f-4e15c034942b,00.01.007,United States of America (the),unknown,"Polyvinyl chloride resin, suspension grade PVC; at plant",1.0,kg,https://raw.githubusercontent.com/FLCAC-admin/uslci-content/83f722d2c97ca784e3d258ab51ec4f6804625c1f/downloads/uslci_fy25_q2_01_olca2_4_1_elci_lib_json_ld.zip,2026-10-08,27510988dd5d6947ef5b74ea6ffb15d87649877e2e21ac8b872f24ecf8e26993,validFrom 2022-01-01,USLCI suspension PVC resin; grade/additives unknown
"Nylon, grade unspecified",49.5,ABS,proxy,USLCI JSON-LD,1.2025-06.0,"Acrylonitrile-butadiene-styrene, ABS, copolymer resin, at plant",0e42a306-ee2d-362e-8bc3-580000096459,00.01.002,Northern America,unknown,"Acrylonitrile-butadiene-styrene, ABS, copolymer resin, at plant",1.0,kg,https://raw.githubusercontent.com/FLCAC-admin/uslci-content/83f722d2c97ca784e3d258ab51ec4f6804625c1f/downloads/uslci_fy25_q2_01_olca2_4_1_elci_lib_json_ld.zip,2026-10-08,776d59b892239eeeb385aab9015f6b8ccfce39830b774f45c7e2186a505173c4,validFrom 2015-01-01,ABS resin substitutes for unspecified nylon; chemistry differs
Polyoxymethylene (POM),9.75,ABS,proxy,USLCI JSON-LD,1.2025-06.0,"Acrylonitrile-butadiene-styrene, ABS, copolymer resin, at plant",0e42a306-ee2d-362e-8bc3-580000096459,00.01.002,Northern America,unknown,"Acrylonitrile-butadiene-styrene, ABS, copolymer resin, at plant",1.0,kg,https://raw.githubusercontent.com/FLCAC-admin/uslci-content/83f722d2c97ca784e3d258ab51ec4f6804625c1f/downloads/uslci_fy25_q2_01_olca2_4_1_elci_lib_json_ld.zip,2026-10-08,776d59b892239eeeb385aab9015f6b8ccfce39830b774f45c7e2186a505173c4,validFrom 2015-01-01,ABS resin substitutes for POM; chemistry differs
Polycarbonate (PC),6.75,ABS,proxy,USLCI JSON-LD,1.2025-06.0,"Acrylonitrile-butadiene-styrene, ABS, copolymer resin, at plant",0e42a306-ee2d-362e-8bc3-580000096459,00.01.002,Northern America,unknown,"Acrylonitrile-butadiene-styrene, ABS, copolymer resin, at plant",1.0,kg,https://raw.githubusercontent.com/FLCAC-admin/uslci-content/83f722d2c97ca784e3d258ab51ec4f6804625c1f/downloads/uslci_fy25_q2_01_olca2_4_1_elci_lib_json_ld.zip,2026-10-08,776d59b892239eeeb385aab9015f6b8ccfce39830b774f45c7e2186a505173c4,validFrom 2015-01-01,ABS resin substitutes for PC; chemistry differs
Acrylonitrile-butadiene-styrene (ABS),30,ABS,direct,USLCI JSON-LD,1.2025-06.0,"Acrylonitrile-butadiene-styrene, ABS, copolymer resin, at plant",0e42a306-ee2d-362e-8bc3-580000096459,00.01.002,Northern America,unknown,"Acrylonitrile-butadiene-styrene, ABS, copolymer resin, at plant",1.0,kg,https://raw.githubusercontent.com/FLCAC-admin/uslci-content/83f722d2c97ca784e3d258ab51ec4f6804625c1f/downloads/uslci_fy25_q2_01_olca2_4_1_elci_lib_json_ld.zip,2026-10-08,776d59b892239eeeb385aab9015f6b8ccfce39830b774f45c7e2186a505173c4,validFrom 2015-01-01,USLCI ABS copolymer resin
Silicone,12,rubber_proxy,proxy,USLCI JSON-LD,1.2025-06.0,"Polybutadiene, butadiene rubber; at plant",fa60e60f-73f0-3e20-bb3a-073e4a9469cc,02.01.001,Northern America,unknown,"Polybutadiene, butadiene rubber, BR, at plant",1.0,kg,https://raw.githubusercontent.com/FLCAC-admin/uslci-content/83f722d2c97ca784e3d258ab51ec4f6804625c1f/downloads/uslci_fy25_q2_01_olca2_4_1_elci_lib_json_ld.zip,2026-10-08,e98eaf887b291dff516019316cf83fb98c8e2803d3830393400750e7ca2c2552,validFrom 1990-01-01,Polybutadiene rubber substitutes for silicone rubber; chemistry differs
LDPE packaging foil,6.3,LDPE,proxy,USLCI JSON-LD,1.2025-06.0,"Polyethylene, low-density, LDPE, virgin resin, at plant",6a12cba1-889d-4515-90f8-89feb8d662f2,00.01.003,Northern America,unknown,"Polyethylene, low-density, LDPE, virgin resin, at plant",1.0,kg,https://raw.githubusercontent.com/FLCAC-admin/uslci-content/83f722d2c97ca784e3d258ab51ec4f6804625c1f/downloads/uslci_fy25_q2_01_olca2_4_1_elci_lib_json_ld.zip,2026-10-08,1a2ea8a3f017f644d2d18d7a31fa1bdb5542260b96b9c571b36ebdcc9f7ec889,validFrom 2014-12-31,LDPE resin matches polymer; film conversion proxied separately
Cardboard packaging,131.5,cardboard,proxy,USLCI JSON-LD,1.2025-06.0,"Corrugated product, average production, at mill",226ed3c2-e020-4c95-b1fc-4559fc2d18ac,00.01.003,United States of America (the),unknown,"Corrugated product, average production, at mill",1.0,kg,https://raw.githubusercontent.com/FLCAC-admin/uslci-content/83f722d2c97ca784e3d258ab51ec4f6804625c1f/downloads/uslci_fy25_q2_01_olca2_4_1_elci_lib_json_ld.zip,2026-10-08,f970b6fc9d7a9305492bc878c3a773d4e59e14e9b49990d9ddae491e7e4b19b3,validFrom 2013-12-31,Average corrugated board and separate box conversion; board type unknown
